use_case,actor,source,screen_id,web_route,mobile_route,api_endpoints,business_rules,implementation,test_ids,status
UC-1.1,Public,Lab1-Lab2 (UC-1.1),P01,/tra-cuu,/tra-cuu,GET /api/v1/profiles/public/memorials,Khách không cần đăng nhập; chỉ hiển thị thông tin giới thiệu và tra cứu,PublicLayout.tsx; PublicPortal.tsx,AT01; AT02,READY_FOR_ALIGNMENT
UC-1.2,Public,Lab2 (UC-1.2; Activity 1.2),P01; P03,/,/phan-mo/:publicId,GET /api/v1/plots/public/map,Hiển thị phân khu/hàng/ô; không hiển thị giá bán hay thông tin thân nhân,PlotPublicMap.tsx; PublicLayout.tsx,AT01; AT02,READY_FOR_ALIGNMENT
UC-1.3,Public,Lab2-Lab3 (UC-1.3; Seq 1.3),P03,/phan-mo/:publicId,/phan-mo/:publicId,GET /api/v1/plots/public/{code},Chỉ hiển thị mộ đã công bố; ẩn PII CCCD số điện thoại,PlotPublicDetail.tsx,AT02; AT03,READY_FOR_ALIGNMENT
UC-1.4,Public,Lab2-Lab3 (UC-1.4; Seq 1.4),P02,/tra-cuu,/tra-cuu,GET /api/v1/profiles/public/memorials,Tìm theo họ tên/năm mất/quê quán/mã ô; phân biệt trùng tên,PublicSearch.tsx,AT02,READY_FOR_ALIGNMENT
UC-1.5,Public,Lab2-Lab3 (UC-1.5; Seq 1.5),P03; P04,/phan-mo/:publicId/chi-duong,/phan-mo/:publicId/chi-duong,GET /api/v1/plots/public/{code}/route,Chỉ dẫn đường khi có GPS xác minh; không bịa tọa độ,PublicNavigation.tsx,AT03,READY_FOR_ALIGNMENT
UC-2.1,Marketing,Lab2 (UC-2.1; Activity 2.1),M01; M02,/noi-bo/marketing/khach-hang,/marketing/customers,POST /api/v1/customers; GET /api/v1/customers,Kiểm tra trùng CCCD/SĐT; Marketing quản lý hồ sơ,CustomerList.tsx; CustomerForm.tsx,AT09,READY_FOR_ALIGNMENT
UC-2.2,Marketing,Lab2 (UC-2.2; Activity 2.2),M01; M03,/noi-bo/marketing/nguoi-mat,/marketing/deceased,POST /api/v1/deceased; GET /api/v1/deceased,Năm sinh không bịa ngày 01/01; trạng thái hồ sơ người mất,DeceasedList.tsx; DeceasedForm.tsx,AT09,READY_FOR_ALIGNMENT
UC-2.3,Marketing,Lab2 (UC-2.3; Seq 2.3),M03,/noi-bo/marketing/nguoi-mat/:id/chung-tu,/marketing/deceased/:id/cert,POST /api/v1/documents/certificate,Giấy báo tử bắt buộc trước khi an táng; lưu file MinIO,DeathCertificateUpload.tsx,AT09; AT22,READY_FOR_ALIGNMENT
UC-2.4,Marketing,Lab2 (UC-2.4; Seq 2.4),M02; M03,/noi-bo/marketing/lien-ket,/marketing/relations,POST /api/v1/profiles/relationships,Người đại diện hợp lệ; không thay đổi chủ quyền ô đất trái quy trình,RelationshipManager.tsx,AT09,READY_FOR_ALIGNMENT
UC-3.1,Marketing,Lab2 (UC-3.1; Activity 3.1),M04; M05,/noi-bo/marketing/hop-dong/tao-moi,/marketing/contracts/create,POST /api/v1/contracts,4 loại hợp đồng độc lập; snapshot giá; giữ chỗ ô mộ có thời hạn,ContractWizard.tsx,AT10,READY_FOR_ALIGNMENT
UC-3.2,Marketing,Lab2 (UC-3.2; Seq 3.2),M06,/noi-bo/marketing/hop-dong/:id/in,/marketing/contracts/:id/print,GET /api/v1/contracts/{id}/print,In bản giấy để ký ngoài đời thực; không giả lập ký số,ContractPrintView.tsx,AT11,READY_FOR_ALIGNMENT
UC-3.3,Marketing,Lab2 (UC-3.3; Seq 3.3),M06; M07,/noi-bo/marketing/hop-dong/:id/scan,/marketing/contracts/:id/scan,POST /api/v1/contracts/{id}/scan; POST /api/v1/contracts/{id}/activate,Upload bản scan hợp lệ mới được kích hoạt ACTIVE,ContractActivation.tsx,AT11,READY_FOR_ALIGNMENT
UC-3.4,Marketing,Lab2 (UC-3.4; Activity 3.4),M06; M08,/noi-bo/marketing/hop-dong/:id/phu-luc,/marketing/contracts/:id/annex,POST /api/v1/contracts/{id}/annexes,3 loại phụ lục (An táng; Thi công; Chăm sóc); kiểm tra điều kiện HĐ gốc,AnnexCreation.tsx,AT12,READY_FOR_ALIGNMENT
UC-3.5,Marketing; Sếp,Lab2 (UC-3.5; Seq 3.5),M04; S04,/noi-bo/marketing/hop-dong,/admin/contracts,GET /api/v1/contracts,Sếp xem giám sát; Marketing thao tác tác nghiệp,ContractListView.tsx,AT04; AT07,READY_FOR_ALIGNMENT
UC-4.1,Quản trang,Lab2 (UC-4.1; Activity 4.1),Q01; Q02; Q03,/noi-bo/quan-trang/thi-cong/tiep-nhan,/field/construction/intake,POST /api/v1/construction/orders; GET /api/v1/construction/work-basis,Tiếp nhận từ phụ lục ACTIVE; lập checklist các hạng mục,ConstructionIntake.tsx; ChecklistEditor.tsx,AT05; AT13,READY_FOR_ALIGNMENT
UC-4.2,Quản trang,Lab2 (UC-4.2; Activity 4.2),Q04,/noi-bo/quan-trang/thi-cong/:id/phan-cong,/field/construction/:id/assign,POST /api/v1/construction/tasks/{id}/assign,Phân công người/tổ/nhà thầu; cảnh báo xung đột lịch,TaskAssignmentModal.tsx,AT14; AT15,READY_FOR_ALIGNMENT
UC-4.3,Quản trang,Lab2 (UC-4.3; Seq 4.3),Q05,/noi-bo/quan-trang/thi-cong/:id/tien-do,/field/construction/:id/progress,GET /api/v1/construction/orders/{id},Quản trang kiểm tra tiến độ theo checklist,ConstructionProgress.tsx,AT16,READY_FOR_ALIGNMENT
UC-4.4,Quản trang,Lab2 (UC-4.4; Seq 4.4),Q05,/noi-bo/quan-trang/thi-cong/:id/dieu-chinh,/field/construction/:id/adjust,POST /api/v1/construction/orders/{id}/adjust,Ghi nhận vướng mắc; điều chỉnh tiến độ có lý do và audit,ConstructionAdjustment.tsx,AT16,READY_FOR_ALIGNMENT
UC-4.5,Quản trang,Lab2 (UC-4.5; Activity 4.5),Q05,/noi-bo/quan-trang/thi-cong/:id/nghiem-thu,/field/construction/:id/verify,POST /api/v1/construction/orders/{id}/complete,Đủ 100% việc bắt buộc và ảnh bằng chứng mới được nghiệm thu; không tự an táng,ConstructionVerification.tsx,AT16,READY_FOR_ALIGNMENT
UC-5.1,Marketing,Lab2 (UC-5.1; Activity 5.1),M08; M10,/noi-bo/marketing/cham-soc/dang-ky,/marketing/care/register,POST /api/v1/contracts/{id}/annexes/care,Đăng ký gói chăm sóc mộ; snapshot giá; không gán thợ,CareRegistration.tsx,AT07; AT17,READY_FOR_ALIGNMENT
UC-5.2,Quản trang,Lab2 (UC-5.2; Activity 5.2),Q06,/noi-bo/quan-trang/cham-soc/lap-lich,/field/care/schedule,POST /api/v1/care/schedules/generate,Sinh lịch định kỳ theo gói; kiểm tra trùng; neo cuối tháng,CareScheduleGenerator.tsx,AT17,READY_FOR_ALIGNMENT
UC-5.3,Quản trang,Lab2 (UC-5.3; Activity 5.3),Q07,/noi-bo/quan-trang/cham-soc/phan-cong,/field/care/assign,PATCH /api/v1/care/schedules/{id}/assign,Phân công ca chăm sóc; chặn lưu khi xung đột lịch,CareAssignment.tsx,AT15; AT18,READY_FOR_ALIGNMENT
UC-5.4,Quản trang,Lab2 (UC-5.4; Activity 5.4),Q08,/noi-bo/quan-trang/cham-soc/:id/dong-ca,/field/care/:id/close,POST /api/v1/care/schedules/{id}/close,Đủ việc và ảnh hiện trường mới đóng ca; xét duyệt bản công khai,CareCloseShift.tsx,AT19; AT20,READY_FOR_ALIGNMENT
UC-6.1,Kế toán,Lab2 (UC-6.1; Activity 6.1),K01; K02,/noi-bo/ke-toan/cong-no,/finance/receivables,POST /api/v1/finance/receivables; GET /api/v1/finance/basis,Nguồn nghĩa vụ từ hợp đồng/phụ lục ACTIVE; phân kỳ thu,ReceivableManager.tsx,AT06; AT24,READY_FOR_ALIGNMENT
UC-6.2,Kế toán,Lab2 (UC-6.2; Activity 6.2),K01; K03; K05,/noi-bo/ke-toan/thu-tien,/finance/payments,POST /api/v1/finance/payments,Idempotency key chống thu trùng; Decimal tiền tệ; tự động giảm dư nợ,PaymentRecorder.tsx; ReceiptView.tsx,AT24,READY_FOR_ALIGNMENT
UC-6.3,Kế toán,Lab2 (UC-6.3; Seq 6.3),K04,/noi-bo/ke-toan/chiet-khau,/finance/discounts,POST /api/v1/finance/discounts,Áp dụng chiết khấu có phê duyệt và hạn mức; lưu căn cứ,DiscountManager.tsx,AT25,READY_FOR_ALIGNMENT
UC-6.4,Kế toán,Lab2 (UC-6.4; Seq 6.4),K01; K06,/noi-bo/ke-toan/bao-cao-cong-no,/finance/reports/debts,GET /api/v1/reports/revenue,Theo dõi nợ quá hạn và nợ theo hợp đồng; không xem tiến độ thi công,DebtReport.tsx,AT26,READY_FOR_ALIGNMENT
UC-7.1,Sếp; Kế toán,Lab2 (UC-7.1; Activity 7.1),S05; K06,/noi-bo/bao-cao/doanh-thu,/admin/reports/revenue,GET /api/v1/reports/revenue,Báo cáo doanh thu thực thu từ payments; đối soát thời gian,RevenueReport.tsx,AT06; AT26,READY_FOR_ALIGNMENT
UC-7.2,Sếp,Lab2 (UC-7.2; Seq 7.2),S05,/noi-bo/quan-ly/bao-cao/dat-dai,/admin/reports/occupancy,GET /api/v1/reports/occupancy,Tỷ lệ lấp đầy phân khu; phân biệt ô mộ và slot,OccupancyReport.tsx,AT26,READY_FOR_ALIGNMENT
UC-7.3,Sếp,Lab2 (UC-7.3; Seq 7.3),S05,/noi-bo/quan-ly/bao-cao/hop-dong,/admin/reports/contracts,GET /api/v1/reports/contracts,Báo cáo tình trạng 4 loại HĐ; số lượng active/pending,ContractReport.tsx,AT26,READY_FOR_ALIGNMENT
UC-7.4,Sếp,Lab2 (UC-7.4; Seq 7.4),S05,/noi-bo/quan-ly/bao-cao/van-hanh,/admin/reports/operations,GET /api/v1/reports/operations,Báo cáo tiến độ thi công và lịch chăm sóc nghĩa trang,OperationsReport.tsx,AT26,READY_FOR_ALIGNMENT
UC-7.5,Sếp; Kế toán,Lab2 (UC-7.5; Seq 7.5),S05; K06,/noi-bo/bao-cao/xuat-du-lieu,/admin/reports/export,POST /api/v1/reports/export,Xuất PDF/XLSX qua background job; chống CSV/Formula Injection,ReportExporter.tsx,AT26,READY_FOR_ALIGNMENT
UC-8.1,Sếp,Lab2 (UC-8.1; Activity 8.1),S06; A01; A02,/noi-bo/quan-ly/tai-khoan,/admin/users,GET /api/v1/users; POST /api/v1/users,Quản lý tài khoản nội bộ; khóa/mở; bảo vệ admin cuối cùng,UserManagement.tsx,AT23,READY_FOR_ALIGNMENT
UC-8.2,Sếp,Lab2 (UC-8.2; Seq 8.2),S07,/noi-bo/quan-ly/phan-quyen,/admin/permissions,POST /api/v1/users/{id}/roles,Phân quyền theo vai trò; tăng auth_version thu hồi token tức thì,RoleMatrix.tsx,AT08; AT23,READY_FOR_ALIGNMENT
UC-8.3,Sếp,Lab2 (UC-8.3; Activity 8.3),S02; S03,/noi-bo/quan-ly/quy-hoach-mo,/admin/spatial,POST /api/v1/plots; PUT /api/v1/plots/{id},Cây phân khu/hàng/ô; cập nhật GPS xác minh; Kim Tĩnh bất biến,SpatialManager.tsx,AT22; AT23,READY_FOR_ALIGNMENT
UC-8.4,Sếp,Lab2 (UC-8.4; Seq 8.4),S08,/noi-bo/quan-ly/danh-muc/loai-mo,/admin/catalog/grave-types,POST /api/v1/catalog/grave-types,Quản lý loại mộ (đơn, đôi, gia tộc); số slot quy định,GraveTypeCatalog.tsx,AT23,READY_FOR_ALIGNMENT
UC-8.5,Sếp,Lab2 (UC-8.5; Seq 8.5),S08,/noi-bo/quan-ly/danh-muc/cham-soc,/admin/catalog/care-packages,POST /api/v1/catalog/care-packages,Quản lý gói dịch vụ và nội dung công việc mẫu,CarePackageCatalog.tsx,AT23,READY_FOR_ALIGNMENT
UC-8.6,Sếp,Lab2 (UC-8.6; Seq 8.6),S08,/noi-bo/quan-ly/danh-muc/bang-gia,/admin/catalog/pricing,POST /api/v1/catalog/prices,Quản lý bảng giá theo phiên bản hiệu lực; không sửa giá cũ đã ký,PriceCatalog.tsx,AT23,READY_FOR_ALIGNMENT
UC-8.7,Sếp,Lab2 (UC-8.7; Seq 8.7),S09,/noi-bo/quan-ly/audit-log,/admin/audit,GET /api/v1/audit,Nhật ký kiểm toán chỉ đọc; lọc PII và secrets,AuditLogViewer.tsx,AT23,READY_FOR_ALIGNMENT
